id;created_on;error_id;error_message;error_path
1;2024-10-04;5916;../fake-data/blob/hipster.txt;../fake-data/blob/hipster.txt
2;2024-10-04;13108;../fake-data/blob/hipster.txt;../fake-data/blob/hipster.txt
3;2024-10-04;7125;../fake-data/blob/hipster.txt;../fake-data/blob/hipster.txt
4;2024-10-04;23603;../fake-data/blob/hipster.txt;../fake-data/blob/hipster.txt
5;2024-10-04;12958;../fake-data/blob/hipster.txt;../fake-data/blob/hipster.txt
6;2024-10-03;16104;../fake-data/blob/hipster.txt;../fake-data/blob/hipster.txt
7;2024-10-04;15392;../fake-data/blob/hipster.txt;../fake-data/blob/hipster.txt
8;2024-10-04;1736;../fake-data/blob/hipster.txt;../fake-data/blob/hipster.txt
9;2024-10-04;32666;../fake-data/blob/hipster.txt;../fake-data/blob/hipster.txt
10;2024-10-04;2229;../fake-data/blob/hipster.txt;../fake-data/blob/hipster.txt
