id;created_by;created_on;email;first_name;gln_number;is_active;last_name;manufacturer;manufacturer_id;password;phone_number
1;16810;2024-10-04;Darrell46@yahoo.com;Simone;loudly after;false;Ledner-Frami;woot ick yuck;2694;off;slip
2;27597;2024-10-04;Larry.Fadel80@hotmail.com;Helena;against;true;Sawayn;considering modulo;210;sleepy;except pip pish
3;1247;2024-10-04;Charlene_Johnston@hotmail.com;Makenzie;wholly per memorable;false;Schimmel;willfully beautifully;15753;likewise pfft;for
4;14978;2024-10-04;Chesley12@yahoo.com;Vicky;hollow birth accompany;true;Dare;wavy orange than;24038;even especially tenderly;bourgeoisie
5;28866;2024-10-04;Dejah_Johns72@hotmail.com;Ruben;toothbrush powerless;false;Hegmann;interestingly justly;4480;and for;unlike
6;27402;2024-10-04;Alda.Ernser7@yahoo.com;Garnett;into;false;Dooley-Dare;elegantly er;30694;mosh ack unfinished;healthily pop grounded
7;12807;2024-10-04;Olaf_Upton10@yahoo.com;Ned;even;false;Lesch;till er;7625;times;along
8;24837;2024-10-04;Jan86@hotmail.com;Curt;astride;true;Farrell;or whereas given;27283;trusting friendly;phooey
9;12100;2024-10-04;Scot_Satterfield@yahoo.com;Tony;mmm;false;Leuschke;narrow;11705;limited;catalog
10;29841;2024-10-04;Isaias.Bechtelar@yahoo.com;Alexandra;or ravel;true;Becker;hourly in vengeful;29149;barring gosh;usually
